,pid,payed_vs_calc
1964,527216080,-137857.39621461974
623,528176030,-107997.3951949731
1158,906412010,-96597.58831968583
81,527214050,-83479.96769038483
800,528118050,-68221.74802634644
1227,528176010,-52521.80356929288
526,528114010,-18031.550893825945
1875,923202220,-6615.290329290787
199,528166060,2777.483803359326
1557,907250070,7694.132996013446
1187,528435060,9225.08808331369
1060,906340100,15294.898043367895
682,528104050,41127.81980286894
1885,908154195,219131.62119904335
